CustomerID,Age,AnnualIncome,SpendingScore,PurchaseFrequency
1,21,25000,85,18
2,23,28000,90,20
3,25,30000,82,17
4,22,27000,88,19
5,24,32000,80,16
6,26,35000,78,15
7,28,38000,75,14
8,27,36000,77,15
9,29,40000,72,13
10,30,42000,70,13
11,35,55000,55,10
12,36,58000,52,9
13,38,60000,50,9
14,40,62000,48,8
15,42,65000,45,8
16,44,68000,42,7
17,45,70000,40,7
18,47,72000,38,6
19,48,75000,35,6
20,50,78000,32,5
21,52,85000,25,4
22,54,88000,22,4
23,56,90000,20,3
24,58,95000,18,3
25,60,100000,15,2
26,62,105000,12,2
27,64,110000,10,2
28,66,115000,8,1
29,68,120000,7,1
30,70,125000,5,1