ProductID,Price,SalesQuantity,Rating,PurchaseFrequency
1,50,950,4.8,180
2,55,900,4.7,170
3,60,880,4.6,165
4,65,850,4.7,160
5,70,820,4.5,155
6,75,800,4.6,150
7,80,780,4.4,145
8,85,750,4.5,140
9,90,720,4.3,135
10,95,700,4.4,130
11,200,500,4.2,100
12,220,480,4.1,95
13,240,460,4.0,90
14,260,440,4.1,88
15,280,420,4.0,85
16,300,400,3.9,80
17,320,380,3.8,75
18,340,360,3.9,72
19,360,340,3.8,68
20,380,320,3.7,65
21,600,180,3.5,35
22,650,165,3.4,32
23,700,150,3.3,30
24,750,140,3.2,28
25,800,130,3.1,25
26,850,120,3.0,23
27,900,110,2.9,21
28,950,100,2.8,19
29,1000,90,2.7,17
30,1100,80,2.6,15