Customers,Advertising,AverageOrderValue,Revenue
100,10000,500,50000
150,12000,520,78000
200,15000,550,110000
250,18000,560,140000
300,20000,580,174000
350,22000,600,210000
400,25000,620,248000
450,27000,640,288000
500,30000,650,325000
550,32000,670,368500
600,35000,680,408000
650,37000,700,455000
700,40000,720,504000
750,42000,730,547500
800,45000,750,600000
850,47000,760,646000
900,50000,780,702000
950,52000,800,760000
1000,55000,820,820000
1050,57000,830,871500
1100,60000,850,935000
1150,62000,870,1000500
1200,65000,880,1056000
1250,67000,900,1125000
1300,70000,920,1196000